,Teams,GP : Games Played,GF : Goals,KG : Kicked Goals,HG : Header Goals,1G : Goals First HAlf,2G : Goals Second Half,GC : Goals Conceded,1GC : Goals Conceded First Half,2GC : Goals Conceded Second Half,A : Assists,PK : Penalty Kicks,PKG : Penalty Kick Goals,YC : Yellow Cards,RC : Red Cards,YRC : Yellow Red Cards
0,        Costa Rica      ,    3  ,    3  ,    2  ,    0  ,    0  ,    3  ,    11  ,    4  ,    7  ,    1  ,    0  ,    0  ,    6  ,    0  ,    0  
1,        Switzerland      ,    4  ,    5  ,    5  ,    0  ,    2  ,    3  ,    9  ,    4  ,    5  ,    4  ,    0  ,    0  ,    9  ,    0  ,    0  
2,        Serbia      ,    3  ,    5  ,    3  ,    2  ,    4  ,    1  ,    8  ,    3  ,    5  ,    4  ,    0  ,    0  ,    12  ,    0  ,    0  
3,        South Korea      ,    4  ,    5  ,    3  ,    2  ,    1  ,    4  ,    8  ,    7  ,    1  ,    3  ,    0  ,    0  ,    6  ,    0  ,    0  
4,        Canada      ,    3  ,    2  ,    0  ,    1  ,    2  ,    0  ,    7  ,    5  ,    2  ,    1  ,    1  ,    0  ,    8  ,    0  ,    0  
5,        Ghana      ,    3  ,    5  ,    3  ,    2  ,    2  ,    3  ,    7  ,    2  ,    5  ,    2  ,    1  ,    0  ,    8  ,    0  ,    0  
6,        Iran      ,    3  ,    4  ,    4  ,    0  ,    0  ,    4  ,    7  ,    4  ,    3  ,    2  ,    1  ,    1  ,    7  ,    0  ,    0  
7,        Qatar      ,    3  ,    1  ,    0  ,    1  ,    0  ,    1  ,    7  ,    4  ,    3  ,    1  ,    0  ,    0  ,    7  ,    0  ,    0  
8,        Senegal      ,    4  ,    5  ,    4  ,    1  ,    2  ,    3  ,    7  ,    2  ,    5  ,    2  ,    1  ,    1  ,    7  ,    0  ,    0  
9,        Australia      ,    4  ,    4  ,    2  ,    1  ,    2  ,    2  ,    6  ,    3  ,    3  ,    2  ,    0  ,    0  ,    7  ,    0  ,    0  
10,        Croatia      ,    6  ,    6  ,    12  ,    1  ,    2  ,    3  ,    6  ,    4  ,    1  ,    6  ,    0  ,    0  ,    8  ,    0  ,    0  
11,        Portugal      ,    5  ,    12  ,    11  ,    1  ,    3  ,    9  ,    6  ,    2  ,    4  ,    10  ,    2  ,    2  ,    6  ,    0  ,    0  
12,        Wales      ,    3  ,    1  ,    1  ,    0  ,    0  ,    1  ,    6  ,    1  ,    5  ,    0  ,    1  ,    1  ,    5  ,    1  ,    0  
13,        Argentina      ,    6  ,    12  ,    16  ,    0  ,    5  ,    7  ,    5  ,    0  ,    5  ,    7  ,    4  ,    3  ,    12  ,    0  ,    0  
14,        France      ,    5  ,    11  ,    7  ,    4  ,    4  ,    7  ,    5  ,    1  ,    4  ,    11  ,    0  ,    0  ,    5  ,    0  ,    0  
15,        Germany      ,    3  ,    6  ,    5  ,    1  ,    2  ,    4  ,    5  ,    0  ,    5  ,    5  ,    1  ,    1  ,    3  ,    0  ,    0  
16,        Poland      ,    4  ,    3  ,    3  ,    0  ,    1  ,    2  ,    5  ,    1  ,    4  ,    1  ,    3  ,    1  ,    7  ,    0  ,    0  
17,        Saudi Arabia      ,    3  ,    3  ,    3  ,    0  ,    0  ,    3  ,    5  ,    2  ,    3  ,    2  ,    1  ,    0  ,    14  ,    0  ,    0  
18,        Cameroon      ,    3  ,    4  ,    3  ,    1  ,    1  ,    3  ,    4  ,    2  ,    2  ,    3  ,    0  ,    0  ,    7  ,    0  ,    1  
19,        England      ,    5  ,    13  ,    12  ,    1  ,    5  ,    8  ,    4  ,    1  ,    3  ,    11  ,    2  ,    1  ,    1  ,    0  ,    0  
20,        Japan      ,    4  ,    5  ,    6  ,    0  ,    1  ,    4  ,    4  ,    2  ,    2  ,    4  ,    0  ,    0  ,    6  ,    0  ,    0  
21,        Netherlands      ,    5  ,    10  ,    11  ,    2  ,    4  ,    6  ,    4  ,    1  ,    3  ,    8  ,    0  ,    0  ,    11  ,    0  ,    1  
22,        United States      ,    4  ,    3  ,    3  ,    0  ,    2  ,    1  ,    4  ,    2  ,    2  ,    3  ,    0  ,    0  ,    5  ,    0  ,    0  
23,        Brazil      ,    5  ,    8  ,    10  ,    0  ,    4  ,    3  ,    3  ,    0  ,    2  ,    6  ,    1  ,    1  ,    6  ,    0  ,    0  
24,        Denmark      ,    3  ,    1  ,    0  ,    1  ,    0  ,    1  ,    3  ,    0  ,    3  ,    1  ,    0  ,    0  ,    5  ,    0  ,    0  
25,        Ecuador      ,    3  ,    4  ,    3  ,    1  ,    2  ,    2  ,    3  ,    2  ,    1  ,    2  ,    1  ,    1  ,    3  ,    0  ,    0  
26,        Mexico      ,    3  ,    2  ,    2  ,    0  ,    0  ,    2  ,    3  ,    0  ,    3  ,    1  ,    0  ,    0  ,    7  ,    0  ,    0  
27,        Spain      ,    4  ,    9  ,    8  ,    1  ,    4  ,    5  ,    3  ,    0  ,    3  ,    5  ,    1  ,    1  ,    2  ,    0  ,    0  
28,        Belgium      ,    3  ,    1  ,    1  ,    0  ,    1  ,    0  ,    2  ,    0  ,    2  ,    1  ,    0  ,    0  ,    5  ,    0  ,    0  
29,        Uruguay      ,    3  ,    2  ,    1  ,    1  ,    2  ,    0  ,    2  ,    0  ,    2  ,    1  ,    0  ,    0  ,    8  ,    0  ,    0  
30,        Morocco      ,    5  ,    5  ,    7  ,    1  ,    3  ,    2  ,    1  ,    1  ,    0  ,    4  ,    0  ,    0  ,    5  ,    0  ,    1  
31,        Tunisia      ,    3  ,    1  ,    1  ,    0  ,    0  ,    1  ,    1  ,    1  ,    0  ,    1  ,    0  ,    0  ,    5  ,    0  ,    0  
